{"1h-p1-ETH/USDT": {"side": "long", "size": 0.004201293099731412, "open_price": 2499.53, "open_time": 1730854811012}, "2h-p1-ETH/USDT": {"side": "long", "size": 0.004044030121872476, "open_price": 2643.28, "open_time": 1730894410792}, "4h-p1-ETH/USDT": {"side": "long", "size": 0.003947744435352743, "open_price": 2833.73, "open_time": 1730966411692}}